sequence;labels
MFIAL;1
HVVYI;1
INIIM;1
VVVYL;1
FVVFY;1
SYQDK;0
YLFML;1
SAKMW;0
VTVVL;1
IVVYI;1
IVVVY;1
IFVYV;1
YYIVV;1
VVQFF;1
KDHFY;0
IAVYV;1
IVVVD;1
VVFYF;1
ILFSM;1
WKIYI;1
SVVYY;1
FHEDD;0
LMISI;1
THPLT;0
YEPYK;0
FGIFV;1
TVVVT;1
GEAYT;0
IVMYV;1
MLFLL;1
GVVYF;1
EVHDH;0
FFFGF;1
KIIIE;1
IIVYV;1
IFMII;1
FSLLY;1
GVVII;1
FYLIM;1
QVVVV;1
IVVQV;1
DQYWM;0
VTVIT;1
VFVYT;1
VVVFY;1
IFIML;1
ISVYV;1
ITVYV;1
WIVTY;1
IVVIQ;1
NHEHK;0
VYVTY;1
SVVVM;1
FVYVV;1
VVYFT;1
LVVYV;1
VVYFY;1
EQQSR;0
FVVVH;1
SFLYI;1
MVVYI;1
NNPFF;0
SPVSE;0
IKFEI;1
KDFMW;0
FKFEL;1
IVVMV;1
WVVYI;1
NQNIR;0
VINYY;1
YVVIL;1
AVNKH;0
LRWDF;0
VWYVY;1
FYFGF;1
RPKRD;0
VYVLY;1
EPYYK;0
MILFF;1
LNPKW;0
VAVFY;1
KTNQI;0
YVVVF;1
MTFQI;1
FIIWN;1
VVVII;1
VVVYY;1
MDMEG;0
AFLMI;1
IVVAV;1
TVVYY;1
IGGWS;0
MISIW;1
IIYLI;1
LNSEE;0
IVVGF;1
ITVYI;1
PILNM;0
NDQSK;0
WFVYV;1
MITIY;1
VSIWY;1
PFIII;1
FKADF;0
YDPKY;0
YYPGK;0
VVVIS;1
IEESL;0
IVVYS;1
FVVYG;1
VFVAY;1
QPTRL;0
RDGLY;0
FRFEI;1
VTILI;1
IVVLV;1
LSLMQ;0
FKVEF;1
