sequence,labels
AA,1
AAAA,0
AAAAAAD,1
AAAAAAK,1
AASGHADAA,0
AAV,0
AAVVLLLW,1
AENGKS,0
AGA,0
AGAHASADA,0
AGV,0
AIVAGD,1
AIVAGT,1
ATVIIE,1
AVA,0
AVIQ,1
CAYW,1
CEIEIQI,1
CEIEIQINM,1
CFLW,1
CHFW,1
CIYF,1
CKAKAQA,1
CKAKAQANM,1
CKIKIQIN,1
CKIKQII,1
CKIKQIINM,1
CSISIQI,1
CSISIQINM,1
CTYF,1
CWFS,1
CWFT,1
CWHY,1
DDDD,1
DFF,0
DIEVDL,0
DLLKNG,0
DPDPD,0
DTVIIE,1
DVFW,1
EALYLV,0
EEEE,1
EEKK,0
EFFK,1
EHSDLS,0
EKDEYA,0
EPYYK,0
ERIEKV,0
EVDLLK,0
FAD,0
FAFP,1
FC,1
FCWW,1
FE,1
FF,1
FFA,1
FFD,1
FFEKF,1
FFFF,1
FFKLVFF,1
FFSGHFDFF,1
FFV,1
FFVDF,1
FFVLK,1
FFYTPK,0
FFYY,1
FGAIL,1
FGD,0
FGFHFSFDF,1
FH,1
FHLF,1
FHPSDI,0
FID,1
FK,1
FKFEF,1
FKFF,1
FKFW,1
FKIDF,1
FLD,1
FLVHSS,1
FMLF,1
FMYS,1
FS,1
FSKDWS,0
FSYV,1
FTISD,1
FTVIIE,1
FVIY,1
FVNQHL,0
FYAY,1
FYLLYY,1
FYTPKT,0
GAIL,1
GAV,0
GAVILRR,1
GERGFF,0
GFFLG,1
GFFLGLDD,1
GFFY,1
GFFYTP,0
GGA,0
GGG,0
GGGG,1
GGGGDD,1
GGGGGGDD,1
GGV,0
GGVVIA,1
GLLY,1
GNNQQNY,1
GSHLVE,0
GTVIIE,1
GVA,0
GVLF,1
GVNM,1
GVV,0
GYGYGYG,1
HFF,1
HHHH,1
HLLF,1
HLVEAL,0
IFIY,1
IFYT,1
IHFV,1
IIII,1
IIIIIIKK,1
IIIK,1
IIIR,1
IKVAV,1
ILVAGD,1
ILVAGS,1
ILVV,1
IMVV,1
IQII,1
IQRTPK,0
IQVYSR,0
IRVW,1
ISDNL,1
ITSVV,1
ITVIIE,1
IVAD,1
IVD,1
IVIF,1
IVII,1
IVIY,1
IVW,1
IWII,1
IWPW,1
KAAGG,0
KAKAQA,1
KAKAQAN,1
KDHFY,0
KDPYY,0
KDWSFY,1
KFAFD,1
KFF,1
KFFAAK,1
KFFDY,1
KFFFE,1
KFG,1
KFKFQF,1
KFLL,1
KFVL,0
KIKIQI,0
KIKIQINM,1
KIKQII,0
KIVKWD,1
KKFDD,0
KLLF,1
KMLF,1
KSNFLN,0
KTVIIE,0
KTVIIT,0
KTVIVE,0
KTVLIE,0
KVEHSD,0
KVKVK,0
KVWL,1
KWDRDM,0
KWEFY,1
KWMDF,1
KYF,1
KYY,1
LALR,1
LAVAGD,1
LDFPI,1
LFF,1
LFWS,1
LHII,1
LIEM,1
LIAGFN,0
LIVAAD,1
STVTIE,1
LIVAGE,1
LIVGD,1
LKNGER,0
LLE,1
LLHF,1
LLLL,1
LLLLLLKK,1
LLLS,1
LLLY,1
LLRQ,1
LLSL,1
LRFH,1
LSFSKD,0
LSFW,1
LSQPKI,0
LTLF,1
LTLI,1
LTVIIE,1
LTWF,1
LVAI,1
LVE,1
LVEALY,1
LVFF,1
LVHF,1
LVIF,1
LVII,1
LVIY,1
LVWF,1
LWFF,1
LWFW,1
LYQLEN,1
MKFKFQF,1
MKIKIQI,1
MMLL,1
MMMM,1
MMVV,1
MMYY,1
MVFP,1
MVQG,1
MYD,1
NFGAIL,1
NFGSVQ,1
NGERIE,0
NGKSNF,0
NLGPVL,0
NNNN,1
NNQQNY,1
NNVVNY,1
NTIF,1
NTVIIE,1
NVFH,1
NVQVVY,1
NVVQIY,1
NVVVVY,1
NWWF,1
NYNNYN,1
NYNYNYN,1
PFTTR,0
PGWW,1
PIFY,1
PMFY,1
PPPHY,0
PPPP,1
PRFRFRFRF,1
PSDIEV,0
PTEKDE,0
PTPCY,0
PTVIIE,0
PVFW,1
PVFY,1
PVII,1
PWWC,1
PWYW,1
PWYY,1
QIMRW,0
QMAVHV,1
QMVV,1
QPKIVK,0
QTVIIE,1
QYQQYQ,1
QYQYQYQ,1
RFRFRFRF,1
RGFFYT,0
RITWI,0
RRRR,1
RTPKIQ,0
RVNHVT,0
RWLDY,1
RWVF,1
SAA,0
SAVIIE,1
SAWF,1
SDLSFS,0
SEVIIE,1
SFSFSF,1
SFVIIE,1
SGFHPS,0
SGVIIE,1
SHLVEA,0
SIVIIE,1
SLVIIE,1
SLYQLE,0
SMVIIE,1
SNVIIE,1
SPVIIE,0
SSSS,0
SSTSAA,1
SSVIIE,1
STDIIE,0
STEIIE,1
STFIIE,1
STGIIE,0
STIIIE,0
STLIIE,1
STMIIE,0
STNIIE,1
STPIIE,0
STQIIE,1
STSIIE,1
STTIIE,0
STVAIE,0
STVDIE,0
STVEIE,1
STVFIE,1
STVGIE,0
STVIAE,0
STVIEE,0
STVIFE,1
STVIGE,0
STVIIA,1
STVIID,1
STVIIE,1
STVIIL,1
STVIIN,1
STVIIP,0
STVIIS,1
STVIIT,1
STVIIW,1
STVIIY,1
STVINE,0
STVIPE,0
STVIQE,0
STVIVE,0
STVIWE,0
STVIYE,1
STVMIE,0
STVNIE,1
STVPIE,0
STVQIE,0
STVVIE,0
STVWIE,1
STYF,1
SVVIIE,1
SWVIIE,0
SYCGY,1
SYSYSYS,1
SYVIIE,1
TAVF,1
TEFTPT,0
TGTHTSTDT,0
TQFS,0
TTSGHTDT,0
TTSGHTDTT,0
TTTT,1
TTVIIE,1
VAFY,1
VALE,1
VALV,1
VE,1
VEALYL,1
VEVE,1
VF,0
VFF,1
VFGV,1
VFMM,1
VFVF,1
VGA,0
VGG,0
VIE,1
VILI,1
VKVFF,1
VKVKV,0
VLVL,1
VLVV,1
VQIVYK,1
VSWY,1
VTLSQP,0
VTVIIE,1
VVEE,1
VVVVV,1
VVVVVVD,1
VVVVVVDD,1
VVVVVVK,1
VVVVVVKK,1
VWIT,1
VYSRHP,0
VYTF,1
WALW,1
WAVV,1
WAYF,1
WEFF,1
WFHP,1
WIIF,1
WKFF,1
WLVW,1
WPYY,1
WRWRWR,1
WRWRWRWR,1
WSFYLL,0
WTIF,1
WVFI,1
WVII,1
WWCP,1
WWMF,1
WWW,1
WWWW,1
WYFF,1
YAWF,1
YAYY,1
YEPYK,0
YFCFY,1
YFTEF,1
YPYI,1
YQLENY,0
YTEYK,0
YVIFL,1
YVSGFH,0
YVVFL,1
YVVFV,1
YY,1
YYACAYY,1
YYD,1
YYTEFT,0
KAKAQANMWQ,1
WVNAKQYWRILKRRW,1
FFGPLGLDGD,1
GGGAAAVVVIIIKKK,1
CKFKFQFNMWQ,1
WRWRWRWRWR,1
FFGALGLDGD,1
CKIKQIINMWQ,1
FFPLGLAGDD,1
FFGAAGLKGK,1
KKKIIIVVVAAAGGG,1
FFGPAGLKGK,1
FFPLGLAGKK,1
KKKGGGAAAVVVIII,1
FFGALGLKGK,1
CKIKIQINMWQ,1
AAVVLLLWEEEEEEE,1
KKKAAAIIIGGGVVV,1
KIKIQINMWQ,1
AAAAAAAAAAAARR,1
FFALGLAGKK,1
FKFEFKFEFKFE,1
PPPPPPPPPPRRR,1
GGGGGGGGGGDD,1
IIIVVVAAAGGGKKK,1
CEIEIQINMWQ,1
KLDLKLDLKLDL,1
FFGPLGLKGK,1
FFGAAGLDGD,1
GGGGGGGGDD,1
VVVGGGIIIAAAKKK,1
